{
  "condition": "minecraft:all_of",
  "terms": [
    {
      "condition": "minecraft:location_check",
      "offsetX": -1,
      "predicate": {
        "block": {
          "blocks": [
            "minecraft:barrel"
          ],
          "nbt": "{Items: [{Slot: 13b, id: \"minecraft:ender_pearl\", Count: 1b}]}"
        }
      }
    },
    {
      "condition": "minecraft:location_check",
      "offsetX": 1,
      "predicate": {
        "block": {
          "blocks": [
            "minecraft:barrel"
          ],
          "nbt": "{Items: [{Slot: 13b, id: \"minecraft:ender_pearl\", Count: 1b}]}"
        }
      }
    },
    {
      "condition": "minecraft:location_check",
      "offsetZ": -1,
      "predicate": {
        "block": {
          "blocks": [
            "minecraft:barrel"
          ],
          "nbt": "{Items: [{Slot: 13b, id: \"minecraft:ender_pearl\", Count: 1b}]}"
        }
      }
    },
    {
      "condition": "minecraft:location_check",
      "offsetZ": 1,
      "predicate": {
        "block": {
          "blocks": [
            "minecraft:barrel"
          ],
          "nbt": "{Items: [{Slot: 13b, id: \"minecraft:ender_pearl\", Count: 1b}]}"
        }
      }
    }
  ]
}