{
    "ultrawarm": false,
    "natural": false,
    "piglin_safe": false,
    "respawn_anchor_works": false,
    "bed_works": false,
    "has_raids": true,
    "has_skylight": true,
    "has_ceiling": false,
    "coordinate_scale": 1,
    "ambient_light": 0.1,
    "fixed_time": 13188,
    "logical_height": 128,
    "effects": "minecraft:overworld",
    "infiniburn": "#minecraft:infiniburn_overworld",
    "min_y": -16,
    "height": 128,
    "monster_spawn_light_level": {
        "type": "minecraft:uniform",
        "value": {
            "min_inclusive": 0,
            "max_inclusive": 7
        }
    },
    "monster_spawn_block_light_limit": 0
}